,Linear,Ridge,Lasso
R2,0.9268218591781354,0.9267624104612927,0.9155063642832744
RMSE,0.13433376618405482,0.13438832037660095,0.14434658180380458
